{
  "Hopper-v5": {
    "min": 16.85648238301579,
    "max": 3857.803603002423
  },
  "HalfCheetah-v5": {
    "min": -294.6651721267606,
    "max": 16242.92451511629
  },
  "Walker2d-v5": {
    "min": 1.4820404720443654,
    "max": 6847.792741361276
  },
  "Ant-v5": {
    "min": -64.54757022972753,
    "max": 6672.696062438072
  },
  "Swimmer-v5": {
    "min": 1.7389516227736976,
    "max": 355.4446349147557
  },
  "Humanoid-v5": {
    "min": 115.37319716795376,
    "max": 8602.850237666968
  },
  "InvertedPendulum-v5": {
    "min": 5.196,
    "max": 1000.0
  },
  "InvertedDoublePendulum-v5": {
    "min": 45.85813353751216,
    "max": 9353.377057523227
  },
  "Pusher-v5": {
    "min": -152.19379080439757,
    "max": -24.835465097933103
  },
  "Reacher-v5": {
    "min": -43.38096210332422,
    "max": -4.3438852096245055
  }
}