{
  "Humanoid-v5": {
    "min": 4673.505767491899,
    "max": 5000
  },
  "Ant-v5": {
    "min": -341.68855081014516,
    "max": 6000
  },
  "HalfCheetah-v5": {
    "min": -299.14726733459275,
    "max": 4800
  },
  "Hopper-v5": {
    "min": 802.5024106243419,
    "max": 3800
  },
  "Walker2d-v5": {
    "min": 96.0181230525643,
    "max": 5000
  },
  "InvertedPendulum-v5": {
    "min": 832.68,
    "max": 950
  },
  "InvertedDoublePendulum-v5": {
    "min": 7493.495811486295,
    "max": 9100
  },
  "Pusher-v5": {
    "min": -1485.9967643636978,
    "max": 0
  },
  "Reacher-v5": {
    "min": -861.9247542473383,
    "max": -3.75
  },
  "Swimmer-v5": {
    "min": 2.811370888465576,
    "max": 360
  }
}